-- MySQL Administrator dump 1.4
--
-- ------------------------------------------------------
-- Server version	5.5.8


/*!40101 SET @OLD_CHARACTER_SET_CLIENT=@@CHARACTER_SET_CLIENT */;
/*!40101 SET @OLD_CHARACTER_SET_RESULTS=@@CHARACTER_SET_RESULTS */;
/*!40101 SET @OLD_COLLATION_CONNECTION=@@COLLATION_CONNECTION */;
/*!40101 SET NAMES utf8 */;

/*!40014 SET @OLD_UNIQUE_CHECKS=@@UNIQUE_CHECKS, UNIQUE_CHECKS=0 */;
/*!40014 SET @OLD_FOREIGN_KEY_CHECKS=@@FOREIGN_KEY_CHECKS, FOREIGN_KEY_CHECKS=0 */;
/*!40101 SET @OLD_SQL_MODE=@@SQL_MODE, SQL_MODE='NO_AUTO_VALUE_ON_ZERO' */;


--
-- Create schema mmc
--

CREATE DATABASE IF NOT EXISTS mmc;
USE mmc;

--
-- Definition of table `login`
--

DROP TABLE IF EXISTS `login`;
CREATE TABLE `login` (
  `id` int(10) unsigned NOT NULL AUTO_INCREMENT,
  `uname` varchar(20) NOT NULL,
  `upass` varchar(20) NOT NULL,
  `utype` varchar(20) NOT NULL,
  `status` varchar(45) NOT NULL,
  `access` varchar(45) NOT NULL,
  `ip` varchar(45) NOT NULL,
  `host` varchar(45) NOT NULL,
  PRIMARY KEY (`id`)
) ENGINE=InnoDB AUTO_INCREMENT=6 DEFAULT CHARSET=latin1;

--
-- Dumping data for table `login`
--

/*!40000 ALTER TABLE `login` DISABLE KEYS */;
INSERT INTO `login` (`id`,`uname`,`upass`,`utype`,`status`,`access`,`ip`,`host`) VALUES 
 (1,'admin','123','admin','0','Active','localhost','mytoy'),
 (2,'vsk','123','user','0','Active','192.168.1.91','LONELY'),
 (3,'jack','123','user','0','Active','192.168.1.91','LONELY'),
 (4,'abc','123','user','0','Active','192.168.1.151','admin-PC'),
 (5,'vv','vv','user','1','Active','na','na');
/*!40000 ALTER TABLE `login` ENABLE KEYS */;


--
-- Definition of table `loginreport`
--

DROP TABLE IF EXISTS `loginreport`;
CREATE TABLE `loginreport` (
  `id` int(10) unsigned NOT NULL,
  `username` varchar(20) DEFAULT NULL,
  `ipaddress` varchar(20) DEFAULT NULL,
  `date` varchar(20) DEFAULT NULL,
  `time` varchar(20) DEFAULT NULL,
  KEY `FK_loginreport_1` (`id`),
  CONSTRAINT `FK_loginreport_1` FOREIGN KEY (`id`) REFERENCES `login` (`id`) ON DELETE CASCADE ON UPDATE CASCADE
) ENGINE=InnoDB DEFAULT CHARSET=latin1;

--
-- Dumping data for table `loginreport`
--

/*!40000 ALTER TABLE `loginreport` DISABLE KEYS */;
INSERT INTO `loginreport` (`id`,`username`,`ipaddress`,`date`,`time`) VALUES 
 (2,'vsk','192.168.1.14','2013:12:20','11:2:21'),
 (2,'vsk','192.168.1.14','2013:12:20','11:2:33'),
 (2,'vsk','192.168.1.14','2013:12:20','11:2:37'),
 (2,'vsk','192.168.1.14','2013:12:20','11:2:45'),
 (2,'vsk','192.168.1.14','2013:12:20','11:2:52'),
 (2,'vsk','192.168.1.91','2013:12:29','11:12:5'),
 (2,'vsk','192.168.1.91','2013:12:29','11:12:37'),
 (2,'vsk','192.168.1.91','2013:12:29','11:12:38'),
 (2,'vsk','192.168.1.91','2013:12:29','11:13:5'),
 (2,'vsk','192.168.1.91','2013:12:29','11:13:12'),
 (2,'vsk','192.168.1.91','2013:12:29','11:13:14'),
 (2,'vsk','192.168.1.91','2013:12:29','11:13:15'),
 (2,'vsk','192.168.1.91','2013:12:29','11:13:22'),
 (2,'vsk','192.168.1.91','2013:12:29','11:14:17'),
 (3,'jack','192.168.1.91','2013:12:29','11:14:18'),
 (2,'vsk','192.168.1.91','2013:12:29','11:14:27'),
 (3,'jack','192.168.1.91','2013:12:29','11:14:27'),
 (2,'vsk','192.168.1.91','2013:12:29','11:14:34'),
 (3,'jack','192.168.1.91','2013:12:29','11:14:34'),
 (2,'vsk','192.168.1.91','2013:12:29','11:14:37'),
 (3,'jack','192.168.1.91','2013:12:29','11:14:37'),
 (2,'vsk','192.168.1.91','2013:12:29','11:14:39'),
 (3,'jack','192.168.1.91','2013:12:29','11:14:40'),
 (2,'vsk','192.168.1.10','2013:12:29','11:15:4'),
 (2,'vsk','192.168.1.17','2013:12:29','11:15:12'),
 (2,'vsk','192.168.1.10','2013:12:29','11:15:13'),
 (3,'jack','192.168.1.17','2013:12:29','11:15:13'),
 (2,'vsk','192.168.1.10','2013:12:29','11:15:27'),
 (3,'jack','192.168.1.17','2013:12:29','11:15:27'),
 (3,'jack','192.168.1.17','2013:12:29','11:15:29'),
 (2,'vsk','192.168.1.10','2013:12:29','11:15:29'),
 (2,'vsk','192.168.1.10','2013:12:29','11:15:34'),
 (2,'vsk','192.168.1.10','2013:12:29','11:15:48'),
 (2,'vsk','192.168.1.10','2013:12:29','11:15:51'),
 (2,'vsk','192.168.1.10','2013:12:29','11:15:53'),
 (3,'jack','192.168.1.17','2013:12:29','11:16:13'),
 (2,'vsk','192.168.1.10','2013:12:29','11:16:13'),
 (2,'vsk','192.168.1.10','2013:12:29','11:16:23'),
 (3,'jack','192.168.1.17','2013:12:29','11:16:24'),
 (2,'vsk','192.168.1.10','2013:12:29','11:18:51'),
 (3,'jack','192.168.1.17','2013:12:29','11:18:53'),
 (2,'vsk','192.168.1.10','2013:12:29','11:19:5'),
 (3,'jack','192.168.1.17','2013:12:29','11:19:5'),
 (2,'vsk','192.168.1.10','2013:12:29','11:19:9'),
 (2,'vsk','192.168.1.10','2013:12:29','11:19:11'),
 (2,'vsk','192.168.1.10','2013:12:29','11:19:13'),
 (3,'jack','192.168.1.17','2013:12:29','11:19:46'),
 (2,'vsk','192.168.1.10','2013:12:29','11:19:47'),
 (2,'vsk','192.168.1.10','2013:12:29','11:19:49'),
 (2,'vsk','192.168.1.10','2013:12:29','11:19:51'),
 (2,'vsk','192.168.1.10','2013:12:29','11:21:21'),
 (3,'jack','192.168.1.17','2013:12:29','11:21:21'),
 (2,'vsk','192.168.1.10','2013:12:29','11:21:50'),
 (3,'jack','192.168.1.17','2013:12:29','11:21:50'),
 (3,'jack','192.168.1.17','2013:12:29','11:22:3'),
 (2,'vsk','192.168.1.10','2013:12:29','11:22:3'),
 (2,'vsk','192.168.1.10','2013:12:29','11:22:6'),
 (2,'vsk','192.168.1.10','2013:12:29','11:22:10'),
 (2,'vsk','192.168.1.10','2013:12:29','11:22:13'),
 (2,'vsk','192.168.1.10','2013:12:29','11:22:15'),
 (2,'vsk','192.168.1.10','2013:12:29','11:22:19'),
 (2,'vsk','192.168.1.10','2013:12:29','11:22:22'),
 (2,'vsk','192.168.1.10','2013:12:29','11:22:30'),
 (2,'vsk','192.168.1.10','2013:12:29','11:22:42'),
 (2,'vsk','192.168.1.10','2013:12:29','11:22:44'),
 (2,'vsk','192.168.1.10','2013:12:29','11:23:10'),
 (2,'vsk','192.168.1.10','2013:12:29','11:23:16'),
 (2,'vsk','192.168.1.10','2013:12:29','11:23:22'),
 (3,'jack','192.168.1.17','2013:12:29','11:23:23'),
 (2,'vsk','192.168.1.10','2013:12:29','11:23:25'),
 (2,'vsk','192.168.1.10','2013:12:29','11:23:28'),
 (2,'vsk','192.168.1.10','2013:12:29','11:23:41'),
 (3,'jack','192.168.1.17','2013:12:29','11:23:45'),
 (2,'vsk','192.168.1.10','2013:12:29','11:23:46'),
 (2,'vsk','192.168.1.10','2013:12:29','11:23:50'),
 (3,'jack','192.168.1.17','2013:12:29','11:23:51'),
 (3,'jack','192.168.1.17','2013:12:29','11:23:56'),
 (2,'vsk','192.168.1.10','2013:12:29','11:23:56'),
 (2,'vsk','192.168.1.10','2013:12:29','11:23:59'),
 (3,'jack','192.168.1.17','2013:12:29','11:23:59'),
 (3,'jack','192.168.1.17','2013:12:30','11:0:1'),
 (2,'vsk','192.168.1.10','2013:12:30','11:0:3'),
 (3,'jack','192.168.1.17','2013:12:30','11:0:4'),
 (2,'vsk','192.168.1.10','2013:12:30','11:0:4'),
 (3,'jack','192.168.1.17','2013:12:30','11:0:10'),
 (2,'vsk','192.168.1.10','2013:12:30','11:0:10'),
 (2,'VSK','192.168.1.10','2013:12:30','11:0:13'),
 (3,'jack','192.168.1.17','2013:12:30','11:0:14'),
 (3,'jack','192.168.1.17','2013:12:30','11:0:17'),
 (2,'VSK','192.168.1.10','2013:12:30','11:0:17'),
 (3,'jack','192.168.1.17','2013:12:30','11:0:22'),
 (3,'jack','192.168.1.17','2013:12:30','11:0:26'),
 (3,'jack','192.168.1.17','2013:12:30','11:0:27'),
 (3,'jack','192.168.1.17','2013:12:30','11:0:28'),
 (3,'jack','192.168.1.17','2013:12:30','11:0:30'),
 (3,'jack','192.168.1.17','2013:12:30','11:0:33'),
 (2,'vsk','192.168.1.10','2013:12:30','11:0:33'),
 (2,'vsk','192.168.1.10','2013:12:30','11:0:36'),
 (3,'jack','192.168.1.17','2013:12:30','11:0:36'),
 (3,'jack','192.168.1.17','2013:12:30','11:0:37'),
 (2,'vsk','192.168.1.10','2013:12:30','11:0:38'),
 (3,'jack','192.168.1.17','2013:12:30','11:0:54'),
 (2,'vsk','192.168.1.10','2013:12:30','11:0:55'),
 (3,'jack','192.168.1.17','2013:12:30','11:0:56'),
 (2,'vsk','192.168.1.10','2013:12:30','11:0:56'),
 (2,'vsk','192.168.1.10','2013:12:30','11:21:15'),
 (3,'jack','192.168.1.17','2013:12:30','11:21:16'),
 (3,'jack','192.168.1.17','2013:12:30','11:21:22'),
 (2,'vsk','192.168.1.10','2013:12:30','11:21:22'),
 (3,'jack','192.168.1.17','2013:12:30','11:21:24'),
 (3,'jack','192.168.1.17','2013:12:30','11:21:30'),
 (3,'jack','192.168.1.17','2013:12:30','11:21:32'),
 (2,'vsk','192.168.1.10','2013:12:30','11:21:35'),
 (3,'jack','192.168.1.17','2013:12:30','11:21:36'),
 (2,'vsk','192.168.1.10','2013:12:30','11:21:37'),
 (2,'vsk','192.168.1.10','2013:12:30','11:21:38'),
 (3,'jack','192.168.1.17','2013:12:30','11:21:38'),
 (3,'jack','192.168.1.17','2013:12:30','11:21:39'),
 (2,'vsk','192.168.1.10','2013:12:30','11:21:39'),
 (3,'jack','192.168.1.17','2013:12:30','11:21:42'),
 (3,'jack','192.168.1.17','2013:12:30','11:21:44'),
 (2,'vsk','192.168.1.10','2013:12:30','11:21:56'),
 (3,'jack','192.168.1.17','2013:12:30','11:21:56'),
 (2,'vsk','192.168.1.10','2013:12:30','11:22:43'),
 (2,'vsk','192.168.1.10','2013:12:30','11:22:44'),
 (2,'vsk','192.168.1.10','2013:12:30','11:22:45'),
 (2,'vsk','192.168.1.10','2013:12:30','11:22:50'),
 (2,'vsk','192.168.1.10','2013:12:30','11:22:56'),
 (2,'vsk','192.168.1.91','2013:12:31','11:10:53'),
 (3,'jack','192.168.43.56','2013:12:31','11:11:39'),
 (2,'vsk','192.168.43.157','2013:12:31','11:11:43'),
 (3,'jack','192.168.43.56','2013:12:31','11:11:49'),
 (2,'vsk','192.168.43.157','2013:12:31','11:11:53'),
 (4,'abc','192.168.43.244','2013:12:31','11:11:54'),
 (4,'abc','192.168.43.244','2013:12:31','11:11:57'),
 (2,'vsk','192.168.43.157','2013:12:31','11:11:57'),
 (3,'jack','192.168.43.56','2013:12:31','11:11:57'),
 (3,'jack','192.168.43.56','2013:12:31','11:11:59'),
 (2,'vsk','192.168.43.157','2013:12:31','11:11:59'),
 (4,'abc','192.168.43.244','2013:12:31','11:11:59'),
 (2,'vsk','192.168.43.157','2014:1:4','0:12:18'),
 (3,'jack','192.168.43.217','2014:1:4','0:12:55'),
 (3,'jack','192.168.43.217','2014:1:4','0:12:55'),
 (2,'vsk','192.168.43.157','2014:1:4','0:13:3'),
 (2,'vsk','192.168.43.157','2014:1:4','0:13:15'),
 (3,'jack','192.168.1.162','2014:1:4','0:13:27'),
 (2,'vsk','192.168.1.91','2014:1:4','0:13:27'),
 (3,'jack','192.168.1.162','2014:1:4','0:13:33'),
 (2,'vsk','192.168.1.91','2014:1:4','0:13:39'),
 (2,'vsk','192.168.1.91','2014:1:4','0:13:44'),
 (3,'jack','192.168.1.144','2014:1:4','0:13:44'),
 (3,'jack','192.168.1.144','2014:1:4','0:13:49'),
 (3,'jack','192.168.1.144','2014:1:4','0:13:51'),
 (3,'jack','192.168.1.144','2014:1:4','0:13:57'),
 (2,'vsk','192.168.1.91','2014:1:4','0:14:2'),
 (3,'jack','192.168.1.144','2014:1:4','0:14:2'),
 (2,'vsk','192.168.1.91','2014:1:4','0:14:6'),
 (3,'jack','192.168.1.144','2014:1:4','0:14:6'),
 (3,'jack','192.168.1.144','2014:1:4','0:14:9'),
 (2,'vsk','192.168.1.91','2014:1:4','0:14:10'),
 (3,'jack','192.168.1.144','2014:1:4','0:14:11'),
 (3,'jack','192.168.1.144','2014:1:4','0:14:13'),
 (2,'vsk','192.168.1.91','2014:1:4','0:14:13'),
 (2,'vsk','192.168.1.91','2014:1:4','0:14:15'),
 (3,'jack','192.168.1.144','2014:1:4','0:14:15'),
 (2,'vsk','192.168.1.91','2014:1:4','0:14:17'),
 (3,'jack','192.168.1.144','2014:1:4','0:14:17'),
 (3,'jack','192.168.1.144','2014:1:4','0:14:19'),
 (2,'vsk','192.168.1.91','2014:1:4','0:14:19'),
 (2,'vsk','192.168.1.91','2014:1:4','0:14:24'),
 (3,'jack','192.168.1.144','2014:1:4','0:14:25'),
 (3,'jack','192.168.1.144','2014:1:4','0:14:26'),
 (2,'vsk','192.168.1.91','2014:1:4','0:14:29'),
 (2,'vsk','192.168.1.91','2014:1:4','0:14:34'),
 (3,'jack','192.168.1.144','2014:1:4','0:14:34'),
 (3,'jack','192.168.1.144','2014:1:4','0:14:43'),
 (2,'vsk','192.168.1.91','2014:1:4','0:14:45'),
 (3,'jack','192.168.1.144','2014:1:4','0:14:45'),
 (2,'vsk','192.168.1.91','2014:1:4','0:14:45'),
 (3,'jack','192.168.1.144','2014:1:4','0:14:47'),
 (2,'vsk','192.168.1.91','2014:1:4','0:15:5'),
 (3,'jack','192.168.1.30','2014:1:4','0:15:8'),
 (2,'vsk','192.168.1.91','2014:1:4','0:15:9'),
 (3,'jack','192.168.1.30','2014:1:4','0:15:10'),
 (2,'vsk','192.168.1.91','2014:1:4','0:15:10'),
 (3,'jack','192.168.1.30','2014:1:4','0:15:12'),
 (2,'vsk','192.168.1.91','2014:1:4','0:15:12'),
 (3,'jack','192.168.1.30','2014:1:4','0:15:16'),
 (2,'vsk','192.168.1.91','2014:1:4','0:15:15'),
 (3,'jack','192.168.1.30','2014:1:4','0:15:21'),
 (2,'vsk','192.168.1.91','2014:1:4','0:15:21'),
 (3,'jack','192.168.1.30','2014:1:4','0:15:26'),
 (2,'vsk','192.168.1.151','2014:1:4','0:15:42'),
 (3,'jack','192.168.56.1','2014:1:4','0:15:43'),
 (2,'vsk','192.168.56.1','2014:1:4','0:15:45'),
 (2,'vsk','192.168.1.151','2014:1:4','0:15:48'),
 (3,'jack','192.168.56.1','2014:1:4','0:15:48'),
 (4,'abc','192.168.1.151','2014:1:4','0:15:49'),
 (2,'vsk','192.168.1.151','2014:1:4','0:15:57'),
 (3,'jack','192.168.56.1','2014:1:4','0:15:57'),
 (2,'vsk','192.168.1.151','2014:1:4','0:16:2'),
 (3,'jack','192.168.56.1','2014:1:4','0:16:3'),
 (2,'vsk','192.168.1.151','2014:1:4','0:16:7'),
 (3,'jack','192.168.56.1','2014:1:4','0:16:7'),
 (3,'jack','192.168.1.151','2014:1:4','0:16:11'),
 (2,'vsk','192.168.56.1','2014:1:4','0:16:11'),
 (2,'vsk','192.168.1.175','2014:1:4','0:16:14'),
 (2,'vsk','192.168.1.151','2014:1:4','0:16:16'),
 (3,'jack','192.168.1.175','2014:1:4','0:16:16'),
 (3,'jack','192.168.1.91','2014:1:4','0:16:20'),
 (2,'vsk','192.168.1.151','2014:1:4','0:16:21'),
 (2,'vsk','192.168.1.151','2014:1:4','0:16:23'),
 (3,'jack','192.168.1.91','2014:1:4','0:16:23'),
 (2,'vsk','192.168.1.151','2014:1:4','0:16:27'),
 (3,'jack','192.168.1.91','2014:1:4','0:16:27'),
 (2,'vsk','192.168.1.151','2014:1:4','0:16:30'),
 (3,'jack','192.168.1.91','2014:1:4','0:16:30'),
 (2,'vsk','192.168.1.13','2014:1:8','0:21:27'),
 (2,'vsk','192.168.1.91','2014:2:13','1:9:49');
/*!40000 ALTER TABLE `loginreport` ENABLE KEYS */;


--
-- Definition of table `register`
--

DROP TABLE IF EXISTS `register`;
CREATE TABLE `register` (
  `id` int(10) unsigned DEFAULT NULL,
  `name` varchar(25) DEFAULT NULL,
  `email` varchar(25) DEFAULT NULL,
  `location` varchar(25) DEFAULT NULL,
  `dept` varchar(25) DEFAULT NULL,
  `phone` varchar(25) DEFAULT NULL,
  KEY `FK_register_1` (`id`),
  CONSTRAINT `FK_register_1` FOREIGN KEY (`id`) REFERENCES `login` (`id`)
) ENGINE=InnoDB DEFAULT CHARSET=latin1;

--
-- Dumping data for table `register`
--

/*!40000 ALTER TABLE `register` DISABLE KEYS */;
INSERT INTO `register` (`id`,`name`,`email`,`location`,`dept`,`phone`) VALUES 
 (2,'VAISAKH','vsk.pvr@gmail.com','Kannur','SE','123456789'),
 (3,'jack','fgh','lll','hjhk','999'),
 (4,'vh','vv@gmail.vom','n,kmn','bkj','1234567890'),
 (5,'vvvv','v@gmail.com','dg','dsg','1234567890');
/*!40000 ALTER TABLE `register` ENABLE KEYS */;




/*!40101 SET SQL_MODE=@OLD_SQL_MODE */;
/*!40014 SET FOREIGN_KEY_CHECKS=@OLD_FOREIGN_KEY_CHECKS */;
/*!40014 SET UNIQUE_CHECKS=@OLD_UNIQUE_CHECKS */;
/*!40101 SET CHARACTER_SET_CLIENT=@OLD_CHARACTER_SET_CLIENT */;
/*!40101 SET CHARACTER_SET_RESULTS=@OLD_CHARACTER_SET_RESULTS */;
/*!40101 SET COLLATION_CONNECTION=@OLD_COLLATION_CONNECTION */;
/*!40101 SET CHARACTER_SET_CLIENT=@OLD_CHARACTER_SET_CLIENT */;
